{
  "Ansi 6 Color" : {
    "Green Component" : 0.96078431606292725,
    "Red Component" : 0.56078433990478516,
    "Blue Component" : 0.52549022436141968
  },
  "Tags" : [

  ],
  "Ansi 12 Color" : {
    "Green Component" : 0.49019607901573181,
    "Red Component" : 0.23529411852359772,
    "Blue Component" : 0.82352942228317261
  },
  "Ansi 7 Color" : {
    "Green Component" : 0.27381426095962524,
    "Red Component" : 0.729411780834198,
    "Blue Component" : 0.69674980640411377
  },
  "Ansi 8 Color" : {
    "Green Component" : 0.96604609489440918,
    "Red Component" : 1,
    "Blue Component" : 0.53491455316543579
  },
  "Bold Color" : {
    "Green Component" : 0.54509806632995605,
    "Red Component" : 0.14117647707462311,
    "Blue Component" : 0.43921568989753723
  },
  "Ansi 9 Color" : {
    "Green Component" : 0.19215686619281769,
    "Red Component" : 0.83137255907058716,
    "Blue Component" : 0.18039216101169586
  },
  "Transparency" : 0,
  "Guid" : "A57942F2-E5E7-4F7E-92EA-14811C4F6F76",
  "Rows" : 25,
  "Default Bookmark" : "No",
  "Cursor Guide Color" : {
    "Red Component" : 0.70213186740875244,
    "Color Space" : "sRGB",
    "Blue Component" : 1,
    "Alpha Component" : 0.25,
    "Green Component" : 0.9268307089805603
  },
  "Non-ASCII Anti Aliased" : true,
  "Use Bright Bold" : true,
  "Ansi 10 Color" : {
    "Green Component" : 0.96078431606292725,
    "Red Component" : 0.56078433990478516,
    "Blue Component" : 0.52549022436141968
  },
  "Ambiguous Double Width" : false,
  "Jobs to Ignore" : [
    "rlogin",
    "ssh",
    "slogin",
    "telnet"
  ],
  "Ansi 15 Color" : {
    "Green Component" : 0.96078431606292725,
    "Red Component" : 0.56078433990478516,
    "Blue Component" : 0.52549022436141968
  },
  "Foreground Color" : {
    "Green Component" : 0.96078431606292725,
    "Red Component" : 0.56078433990478516,
    "Blue Component" : 0.52549022436141968
  },
  "Working Directory" : "\/Users\/arilmavinkere",
  "Blinking Cursor" : false,
  "Disable Window Resizing" : true,
  "Sync Title" : false,
  "Prompt Before Closing 2" : false,
  "BM Growl" : true,
  "Command" : "",
  "Description" : "Default",
  "Mouse Reporting" : true,
  "Screen" : -1,
  "Selection Color" : {
    "Green Component" : 0.31001487374305725,
    "Red Component" : 0.033376686275005341,
    "Blue Component" : 0.69326639175415039
  },
  "Columns" : 80,
  "Idle Code" : 0,
  "Ansi 13 Color" : {
    "Green Component" : 0.18823529779911041,
    "Red Component" : 0.50980395078659058,
    "Blue Component" : 0.65490198135375977
  },
  "Title Components" : 3,
  "Custom Command" : "No",
  "ASCII Anti Aliased" : true,
  "Non Ascii Font" : "Monaco 12",
  "Vertical Spacing" : 1,
  "Use Bold Font" : true,
  "Option Key Sends" : 0,
  "Selected Text Color" : {
    "Green Component" : 0.96078431606292725,
    "Red Component" : 0.56078433990478516,
    "Blue Component" : 0.52549022436141968
  },
  "Background Color" : {
    "Green Component" : 0.15686275064945221,
    "Red Component" : 0.078431375324726105,
    "Blue Component" : 0.21960784494876862
  },
  "Character Encoding" : 4,
  "Ansi 11 Color" : {
    "Green Component" : 0.94117647409439087,
    "Red Component" : 0.91372549533843994,
    "Blue Component" : 0.42745098471641541
  },
  "Use Italic Font" : true,
  "Unlimited Scrollback" : false,
  "Keyboard Map" : {
    "0xf700-0x260000" : {
      "Action" : 10,
      "Text" : "[1;6A"
    },
    "0x37-0x40000" : {
      "Action" : 11,
      "Text" : "0x1f"
    },
    "0x32-0x40000" : {
      "Action" : 11,
      "Text" : "0x00"
    },
    "0xf709-0x20000" : {
      "Action" : 10,
      "Text" : "[17;2~"
    },
    "0xf70c-0x20000" : {
      "Action" : 10,
      "Text" : "[20;2~"
    },
    "0xf729-0x20000" : {
      "Action" : 10,
      "Text" : "[1;2H"
    },
    "0xf72b-0x40000" : {
      "Action" : 10,
      "Text" : "[1;5F"
    },
    "0xf705-0x20000" : {
      "Action" : 10,
      "Text" : "[1;2Q"
    },
    "0xf703-0x260000" : {
      "Action" : 10,
      "Text" : "[1;6C"
    },
    "0xf700-0x220000" : {
      "Action" : 10,
      "Text" : "[1;2A"
    },
    "0xf701-0x280000" : {
      "Action" : 11,
      "Text" : "0x1b 0x1b 0x5b 0x42"
    },
    "0x38-0x40000" : {
      "Action" : 11,
      "Text" : "0x7f"
    },
    "0x33-0x40000" : {
      "Action" : 11,
      "Text" : "0x1b"
    },
    "0xf703-0x220000" : {
      "Action" : 10,
      "Text" : "[1;2C"
    },
    "0xf701-0x240000" : {
      "Action" : 10,
      "Text" : "[1;5B"
    },
    "0xf70d-0x20000" : {
      "Action" : 10,
      "Text" : "[21;2~"
    },
    "0xf702-0x260000" : {
      "Action" : 10,
      "Text" : "[1;6D"
    },
    "0xf729-0x40000" : {
      "Action" : 10,
      "Text" : "[1;5H"
    },
    "0xf706-0x20000" : {
      "Action" : 10,
      "Text" : "[1;2R"
    },
    "0x34-0x40000" : {
      "Action" : 11,
      "Text" : "0x1c"
    },
    "0xf700-0x280000" : {
      "Action" : 11,
      "Text" : "0x1b 0x1b 0x5b 0x41"
    },
    "0x2d-0x40000" : {
      "Action" : 11,
      "Text" : "0x1f"
    },
    "0xf70e-0x20000" : {
      "Action" : 10,
      "Text" : "[23;2~"
    },
    "0xf702-0x220000" : {
      "Action" : 10,
      "Text" : "[1;2D"
    },
    "0xf703-0x280000" : {
      "Action" : 11,
      "Text" : "0x1b 0x1b 0x5b 0x43"
    },
    "0xf700-0x240000" : {
      "Action" : 10,
      "Text" : "[1;5A"
    },
    "0xf707-0x20000" : {
      "Action" : 10,
      "Text" : "[1;2S"
    },
    "0xf70a-0x20000" : {
      "Action" : 10,
      "Text" : "[18;2~"
    },
    "0x35-0x40000" : {
      "Action" : 11,
      "Text" : "0x1d"
    },
    "0xf70f-0x20000" : {
      "Action" : 10,
      "Text" : "[24;2~"
    },
    "0xf703-0x240000" : {
      "Action" : 10,
      "Text" : "[1;5C"
    },
    "0xf701-0x260000" : {
      "Action" : 10,
      "Text" : "[1;6B"
    },
    "0xf702-0x280000" : {
      "Action" : 11,
      "Text" : "0x1b 0x1b 0x5b 0x44"
    },
    "0xf72b-0x20000" : {
      "Action" : 10,
      "Text" : "[1;2F"
    },
    "0x36-0x40000" : {
      "Action" : 11,
      "Text" : "0x1e"
    },
    "0xf708-0x20000" : {
      "Action" : 10,
      "Text" : "[15;2~"
    },
    "0xf701-0x220000" : {
      "Action" : 10,
      "Text" : "[1;2B"
    },
    "0xf70b-0x20000" : {
      "Action" : 10,
      "Text" : "[19;2~"
    },
    "0xf702-0x240000" : {
      "Action" : 10,
      "Text" : "[1;5D"
    },
    "0xf704-0x20000" : {
      "Action" : 10,
      "Text" : "[1;2P"
    }
  },
  "Window Type" : 0,
  "Background Image Location" : "",
  "Blur" : false,
  "Badge Color" : {
    "Red Component" : 1,
    "Color Space" : "sRGB",
    "Blue Component" : 0,
    "Alpha Component" : 0.5,
    "Green Component" : 0.1491314172744751
  },
  "Scrollback Lines" : 1000,
  "Send Code When Idle" : false,
  "Close Sessions On End" : true,
  "Terminal Type" : "xterm-256color",
  "Visual Bell" : true,
  "Flashing Bell" : false,
  "Silence Bell" : false,
  "Ansi 14 Color" : {
    "Green Component" : 0.73848795890808105,
    "Red Component" : 0.42398831248283386,
    "Blue Component" : 0.40489012002944946
  },
  "Name" : "Default",
  "Cursor Text Color" : {
    "Green Component" : 0.96078431606292725,
    "Red Component" : 0.56078433990478516,
    "Blue Component" : 0.52549022436141968
  },
  "Shortcut" : "",
  "Cursor Color" : {
    "Green Component" : 0.12549020349979401,
    "Red Component" : 0.76862746477127075,
    "Blue Component" : 0.43529412150382996
  },
  "Ansi 0 Color" : {
    "Green Component" : 0.15017002820968628,
    "Red Component" : 0.078583046793937683,
    "Blue Component" : 0.19177328050136566
  },
  "Ansi 1 Color" : {
    "Green Component" : 0.13725490868091583,
    "Red Component" : 1,
    "Blue Component" : 0.12549020349979401
  },
  "Ansi 2 Color" : {
    "Green Component" : 0.64729022979736328,
    "Red Component" : 0.23074191808700562,
    "Blue Component" : 1
  },
  "Custom Directory" : "No",
  "Ansi 4 Color" : {
    "Green Component" : 0.96078431606292725,